{"Sydney": [65489, 0.5096697874592391], "Melbourne": [68123, 0.5410365969883728], "Brisbane": [18518, 0.534908576215373], "Perth (WA)": [16913, 0.5617257298482181], "Adelaide": [11003, 0.6357175872428935]}